subject_id,nodepos_spatialpos_norel,rt_spatialpos_norel,relations_spatialpos_rel,rt_spatialpos_rel,consc_confratings_spatialpos,clar_confratings_spatialpos,diff_confratings_spatialpos,conf_confratings_spatialpos,freeeval_spatialpos,attempts_spatialpos_rel
Qezcwpkbg4ltoh1iznaextib5Q,"[[139, 198], [527, 105], [296, 196], [531, 216], [406, 81], [405, 197], [278, 93], [140, 93]]",33.469,"[[7, 0], [6, 0], [3, 1], [3, 5], [3, 4], [6, 2], [6, 4], [5, 4], [4, 0]]",46.476,Fully conscious/deliberative,Somewhat clear,Hard,Unconfident,Again I tried to remember which colours were pairs and then positioned those colours close to each other.,1
Q36qn1sdyeuj9vfy53b7ttbpfQ,"[[711, 463], [714, 166], [525, 451], [546, 171], [177, 440], [342, 158], [344, 435], [162, 156]]",46.927,"[[0, 1], [2, 3], [6, 5], [4, 7], [4, 5], [4, 3], [4, 1], [4, 0], [7, 6], [7, 5], [7, 2], [7, 0], [7, 3], [7, 1], [5, 2], [5, 0], [5, 1], [5, 3], [3, 6], [3, 0], [3, 1], [1, 2]]",83.009,Fairly intuitive/unconscious,Fully clear,Quite easy,Rather confident,I put the flowers adjacent to most visited but in retrospect I would have done this in a circle.,1
Qx5jlbaptoa196ahbqlmo3hn1Q,"[[455, 318], [276, 478], [695, 430], [394, 538], [390, 409], [598, 514], [576, 389], [483, 472]]",29.979,"[[7, 0], [7, 6], [7, 4], [3, 5], [2, 6], [1, 7], [5, 1]]",36.948,Fairly conscious/deliberative,Fully clear,Quite hard,Rather confident,I tried to remember the connections,1
Q3ffdlj86ecxfcs8mpqzvobsmQ,"[[348, 288], [194, 504], [552, 498], [193, 133], [393, 539], [441, 105], [541, 295], [163, 332]]",182.625,"[[3, 5], [7, 0], [6, 7], [2, 6], [5, 6], [7, 1], [4, 1]]",177.032,Fully conscious/deliberative,Somewhat clear,Quite hard,Rather confident,As before I just tried to remember the various paths of the bee that I learned from the previous study.,1
Qcn39qwbwepty860pzdnrhydiQ,"[[811, 196], [758, 96], [391, 592], [290, 612], [287, 200], [518, 141], [567, 422], [446, 406]]",25.808,"[[0, 1], [5, 4], [7, 6], [7, 3], [3, 2], [6, 5], [5, 1]]",18.631,Fully conscious/deliberative,Somewhat clear,Quite easy,Confident,I just tried to make a clear path of joining the flowers together,1
Q0ww7l1cbyjw8hbduuj54g0tfQ,"[[530, 133], [672, 117], [658, 348], [679, 599], [398, 552], [388, 734], [604, 755], [397, 113]]",85.683,"[[7, 0], [0, 1], [4, 1], [4, 3], [5, 3], [5, 6], [6, 2]]",62.264,Fully conscious/deliberative,Somewhat clear,Quite easy,Confident,"Same as before, there wasn’t any strategy. I was doing it from my memory",1
Q2yrmj1s75mkd6pt1zbx2sr9xQ,"[[297, 344], [589, 470], [691, 374], [319, 226], [672, 245], [559, 178], [457, 287], [463, 435]]",147.367,"[[6, 5], [6, 7], [6, 4], [6, 2], [6, 1], [7, 0], [5, 0], [7, 5], [5, 3], [7, 4], [7, 2], [7, 1], [5, 4], [5, 1], [4, 2], [1, 2], [1, 4]]",133.021,Fully conscious/deliberative,Fully clear,Quite easy,Confident,"I thought and tried to remember colors which paired to each other, and I put them close to each other so that the path would be shorter for the bee.",1
Qh7nowwjk2t863yr19nsx3br1Q,"[[434, 620], [506, 298], [697, 175], [690, 403], [493, 429], [741, 556], [800, 321], [592, 657]]",63.347,"[[1, 4], [4, 0], [0, 7], [7, 5], [5, 3], [3, 6], [6, 2], [2, 1]]",88.501,Fairly conscious/deliberative,Fully clear,Quite easy,Confident,made the connection from one known pair to another,1
Qzck5cevsqxmr5iny2ho5xb9nQ,"[[400, 243], [317, 249], [578, 238], [738, 242], [651, 237], [228, 250], [489, 243], [149, 254]]",70.638,"[[4, 3], [6, 2], [1, 0], [7, 6]]",191.19,Fully conscious/deliberative,Somewhat clear,Quite hard,Rather unconfident,I tried to recall the known pairs and draw the line in that direction.,6
Qtacpqepqpxvqmnvzbjeegyl1Q,"[[213, 311], [170, 630], [590, 365], [355, 364], [444, 536], [561, 112], [458, 673], [808, 450]]",28.546,"[[5, 0], [0, 6], [6, 7], [7, 2], [2, 4], [4, 3], [3, 1]]",109.947,Fairly conscious/deliberative,Fully clear,Quite hard,Rather confident,"I positioned each flower at different place in the way that was reasonable to me the connected them as they would pair on the meadow, everything was clear and understandable",1
Qvnfywrezdv7dqywuiksnv6nsQ,"[[647, 183], [523, 596], [332, 224], [613, 425], [606, 324], [155, 378], [492, 376], [238, 633]]",34.334,"[[1, 7], [7, 6], [6, 5], [5, 3], [6, 1], [1, 4], [2, 6], [0, 7]]",67.29,Fully conscious/deliberative,Somewhat unclear,Easy,Rather confident,"I just positioned the flowers randomly, there was no strategy behind it",1
Q1sg1vcerktdipsyxetbyx6cnQ,"[[165, 298], [485, 244], [575, 436], [605, 118], [284, 453], [759, 340], [340, 92], [455, 571]]",47.182,"[[6, 7], [1, 7], [2, 6], [3, 0], [4, 1], [5, 3], [2, 3], [0, 7]]",96.723,Fully conscious/deliberative,Fully clear,Quite easy,Confident,I placed the flowers in such way that when creating the lines they would not cross over other flowers ,1
Qql4k7uta20noubpvevxd4ajkQ,"[[115, 207], [138, 553], [512, 756], [486, 188], [132, 389], [515, 397], [189, 716], [771, 463]]",21.843,"[[6, 7], [3, 5], [4, 1], [0, 2], [6, 2], [3, 7], [4, 5]]",54.721,Fully conscious/deliberative,Fully clear,Quite easy,Confident,I used some of the acronyms I remember from yesterday to match the flower combinations,1
Qc904zk3cotwnbwa9tosb2b5eQ,"[[257, 460], [244, 209], [410, 453], [562, 201], [537, 457], [450, 283], [364, 144], [472, 146]]",121.494,"[[2, 4], [4, 5], [5, 0], [0, 1], [1, 6], [6, 7], [7, 3]]",207.744,Fairly conscious/deliberative,Somewhat clear,Quite easy,Rather confident,I drew a path that I believe used the connections from yesterdays experiment,1
Qmwns02es1oaj6z1k5o5sbolzQ,"[[797, 321], [169, 173], [746, 128], [682, 225], [372, 614], [497, 148], [166, 450], [776, 507]]",19.599,"[[5, 3], [1, 6], [0, 7], [2, 4], [2, 0], [1, 3], [5, 4], [1, 7], [6, 0]]",79.948,Fully conscious/deliberative,Fully clear,Easy,Confident,I tried to remember the connections ,2
Qa88nxk9771pebw9pfijimopzQ,"[[143, 196], [339, 109], [129, 318], [510, 110], [334, 494], [653, 173], [534, 243], [594, 606]]",57.347,"[[0, 1], [1, 2], [2, 3], [3, 6], [6, 5], [5, 7], [7, 4]]",34.102,Fully conscious/deliberative,Fully clear,Easy,Confident,"It was very easy positioning the flowers, i only ensured i spaced them within each other. 
The experiment was very good with direct instructions.  ",1
Qg9r0mntzfhrtvgdcif4azpewQ,"[[696, 195], [443, 214], [239, 635], [752, 301], [590, 501], [524, 104], [504, 354], [368, 394]]",47.498,"[[3, 4], [5, 4], [0, 7], [1, 6], [7, 2], [5, 2]]",85.707,Fully conscious/deliberative,Somewhat clear,Quite hard,Rather confident,I made the connection base on what i recall,6
Qjk60ibtfo1hx3x0b24in3oixQ,"[[255, 360], [139, 266], [148, 365], [236, 258], [149, 476], [265, 469], [271, 592], [149, 599]]",229.526,"[[1, 2], [2, 4], [1, 3], [3, 0], [4, 7], [7, 6], [6, 5], [5, 0]]",44.235,Fully conscious/deliberative,Somewhat clear,Quite easy,Rather confident,I think i positioned the flower to be easily connected by the bee. I focused basically on not letting the bee skip any flower. By pairing the flower and connecting it together.,1
Qv5vvseu9np9z8inlsxd261d3Q,"[[428, 531], [424, 129], [366, 131], [418, 559], [414, 420], [408, 435], [950, 455], [950, 525]]",49.9,"[[0, 3], [5, 0]]",179.997,Fully conscious/deliberative,Fully clear,Easy,Confident,the strategy i use was very simple it was only to choose inbetween two flowers,6
Qc817q1vi00djm9n1qatsoz64Q,"[[638, 266], [132, 144], [364, 139], [611, 124], [271, 293], [476, 317], [314, 441], [535, 459]]",40.035,"[[7, 3], [0, 2], [5, 6], [5, 4], [1, 2], [4, 2], [6, 0], [7, 4], [5, 1], [5, 3], [7, 0], [7, 5], [6, 4], [4, 1], [6, 1], [6, 2], [3, 2], [0, 3], [0, 5], [5, 2], [7, 6]]",131.097,Fairly conscious/deliberative,Somewhat unclear,Quite hard,Rather unconfident,This strategy was rather complicated because the bee was not present at all I tried my best,1
Qbkqu9ydbzik1so1edbrfi3z9Q,"[[129, 113], [477, 168], [218, 316], [579, 261], [426, 348], [603, 410], [325, 502], [498, 535]]",19.73,"[[2, 6], [7, 1], [5, 6], [1, 4], [5, 3], [6, 7], [0, 7]]",77.08,Fully conscious/deliberative,Fully clear,Quite easy,Confident,,3
Qtutf0km1iqlciu58tbg99iyjQ,"[[478, 566], [345, 287], [531, 652], [574, 480], [322, 541], [694, 338], [471, 334], [600, 581]]",46.107,"[[6, 1], [6, 4], [6, 5], [6, 0], [6, 3], [6, 7], [6, 2]]",98.427,Fully conscious/deliberative,Somewhat clear,Quite easy,Confident,ensure that bee reaches every flower,1
Q4cb347l5qkkge30l7xbtg7e6Q,"[[648.3999633789062, 114.19999158382416], [648.3999633789062, 193.00005495548248], [654.800048828125, 572.6000137329102], [650.7999877929688, 473.8000650405884], [670.7999267578125, 736.599983215332], [648.4000244140625, 373.8000326156616], [647.6000366210938, 276.59996032714844], [662.800048828125, 662.6000366210938]]",64.659,"[[0, 5], [3, 4]]",197.502,Fully conscious/deliberative,Fully clear,Easy,Confident,at first i did not understand how to add connection,6
Qhhsjiciyxf2cn4h9v56wmy0xQ,"[[526, 131], [358, 232], [374, 320], [537, 220], [554, 408], [355, 139], [544, 317], [375, 413]]",319.798,"[[7, 2], [4, 6], [6, 3], [3, 0], [2, 1], [1, 5], [5, 0], [7, 4]]",134.78,Fairly conscious/deliberative,Fully clear,Quite easy,Rather confident,I remembered the last flowers in which bee used to move from one flower to another.,1
Qeirpgvl27yawfz1kjofdpwjkQ,"[[169, 379], [495, 280], [596, 402], [255, 477], [508, 531], [672, 308], [332, 430], [474, 407]]",19.566,"[[3, 7], [3, 0], [6, 1], [1, 5], [2, 4], [4, 7], [6, 0], [5, 2]]",25.7,Fairly conscious/deliberative,Somewhat unclear,Quite easy,Rather confident,,1
Qv3zugq49xxgutuifdlscq3axQ,"[[756, 454], [663, 253], [387, 253], [145, 340], [703, 769], [136, 666], [515, 583], [375, 780]]",22.045,"[[4, 1], [4, 6], [7, 6], [6, 3], [6, 5], [7, 0], [6, 2], [6, 1], [7, 4], [4, 5], [4, 3], [3, 5], [3, 2], [3, 1], [3, 7], [0, 4], [0, 5], [1, 7]]",89.207,Fully conscious/deliberative,Fully clear,Easy,Confident,i use the movement of the bee of how the bee moves to create the pattern and the connection between each color and also making sure that no color is left out,1
Qflje4sustiazqpj1i0g6w52hQ,"[[128, 696], [412, 600], [306, 386], [258, 218], [156, 390], [163, 549], [185, 302], [264, 685]]",49.153,"[[0, 7], [1, 5], [5, 6], [6, 7], [6, 0], [5, 2], [2, 5], [1, 4], [2, 6], [1, 0], [1, 3], [5, 3], [2, 0]]",94.939,Fully conscious/deliberative,Fully clear,Quite easy,Rather confident, i remember the pattern the bee move as much as possible and move with those pattern,1
