graph_poss,eucd_congru_med,eucd_inconr_med,eucd_ic_med_diff,wspd_congru_med,wspd_inconr_med,wspd_ic_med_diff,comb_congru_med,comb_inconr_med,comb_ic_med_diff,adj_m
"((110, 660), (220, 220), (550, 330), (660, 110), (660, 220), (770, 220), (770, 330), (770, 440))",531.0,-565.0,1097.0,,,,,,,"[[0, 0, 0, 0, 0, 0, 0, 1], [0, 0, 0, 0, 1, 0, 0, 1], [0, 0, 0, 0, 0, 0, 1, 0], [0, 0, 0, 0, 0, 1, 0, 0], [0, 1, 0, 0, 0, 0, 0, 0], [0, 0, 0, 1, 0, 0, 1, 0], [0, 0, 1, 0, 0, 1, 0, 1], [1, 1, 0, 0, 0, 0, 1, 0]]"
"((110, 660), (220, 330), (550, 330), (660, 110), (660, 220), (770, 220), (770, 330), (770, 440))",531.0,-565.0,1097.0,,,,,,,"[[0, 0, 0, 0, 0, 0, 0, 1], [0, 0, 0, 0, 1, 0, 0, 1], [0, 0, 0, 0, 0, 0, 1, 0], [0, 0, 0, 0, 0, 1, 0, 0], [0, 1, 0, 0, 0, 0, 0, 0], [0, 0, 0, 1, 0, 0, 1, 0], [0, 0, 1, 0, 0, 1, 0, 1], [1, 1, 0, 0, 0, 0, 1, 0]]"
"((110, 660), (220, 440), (550, 330), (660, 110), (660, 220), (770, 220), (770, 330), (770, 440))",531.0,-565.0,1097.0,,,,,,,"[[0, 0, 0, 0, 0, 0, 0, 1], [0, 0, 0, 0, 1, 0, 0, 1], [0, 0, 0, 0, 0, 0, 1, 0], [0, 0, 0, 0, 0, 1, 0, 0], [0, 1, 0, 0, 0, 0, 0, 0], [0, 0, 0, 1, 0, 0, 1, 0], [0, 0, 1, 0, 0, 1, 0, 1], [1, 1, 0, 0, 0, 0, 1, 0]]"
"((110, 660), (220, 550), (550, 330), (660, 110), (660, 220), (770, 220), (770, 330), (770, 440))",539.0,-565.0,1105.0,,,,,,,"[[0, 0, 0, 0, 0, 0, 0, 1], [0, 0, 0, 0, 1, 0, 0, 1], [0, 0, 0, 0, 0, 0, 1, 0], [0, 0, 0, 0, 0, 1, 0, 0], [0, 1, 0, 0, 0, 0, 0, 0], [0, 0, 0, 1, 0, 0, 1, 0], [0, 0, 1, 0, 0, 1, 0, 1], [1, 1, 0, 0, 0, 0, 1, 0]]"
"((110, 660), (220, 770), (330, 110), (330, 660), (330, 770), (440, 660), (550, 660), (550, 770))",,,,404.0,-415.0,819.0,,,,"[[0, 0, 0, 0, 0, 0, 0, 1], [0, 0, 0, 0, 1, 0, 0, 1], [0, 0, 0, 0, 0, 0, 1, 0], [0, 0, 0, 0, 0, 1, 0, 0], [0, 1, 0, 0, 0, 0, 0, 0], [0, 0, 0, 1, 0, 0, 1, 0], [0, 0, 1, 0, 0, 1, 0, 1], [1, 1, 0, 0, 0, 0, 1, 0]]"
"((110, 660), (220, 770), (550, 440), (660, 330), (660, 550), (770, 220), (770, 330), (770, 440))",544.0,-533.0,1077.0,,,,,,,"[[0, 0, 0, 0, 0, 0, 0, 1], [0, 0, 0, 0, 1, 0, 0, 1], [0, 0, 0, 0, 0, 0, 1, 0], [0, 0, 0, 0, 0, 1, 0, 0], [0, 1, 0, 0, 0, 0, 0, 0], [0, 0, 0, 1, 0, 0, 1, 0], [0, 0, 1, 0, 0, 1, 0, 1], [1, 1, 0, 0, 0, 0, 1, 0]]"
"((110, 660), (330, 110), (550, 220), (660, 110), (660, 220), (770, 220), (770, 330), (770, 440))",531.0,-588.0,1120.0,,,,,,,"[[0, 0, 0, 0, 0, 0, 0, 1], [0, 0, 0, 0, 1, 0, 0, 1], [0, 0, 0, 0, 0, 0, 1, 0], [0, 0, 0, 0, 0, 1, 0, 0], [0, 1, 0, 0, 0, 0, 0, 0], [0, 0, 0, 1, 0, 0, 1, 0], [0, 0, 1, 0, 0, 1, 0, 1], [1, 1, 0, 0, 0, 0, 1, 0]]"
"((110, 660), (330, 330), (550, 330), (660, 110), (660, 220), (770, 220), (770, 330), (770, 440))",531.0,-565.0,1097.0,,,,,,,"[[0, 0, 0, 0, 0, 0, 0, 1], [0, 0, 0, 0, 1, 0, 0, 1], [0, 0, 0, 0, 0, 0, 1, 0], [0, 0, 0, 0, 0, 1, 0, 0], [0, 1, 0, 0, 0, 0, 0, 0], [0, 0, 0, 1, 0, 0, 1, 0], [0, 0, 1, 0, 0, 1, 0, 1], [1, 1, 0, 0, 0, 0, 1, 0]]"
"((110, 660), (330, 440), (550, 330), (660, 110), (660, 220), (770, 220), (770, 330), (770, 440))",531.0,-565.0,1097.0,,,,,,,"[[0, 0, 0, 0, 0, 0, 0, 1], [0, 0, 0, 0, 1, 0, 0, 1], [0, 0, 0, 0, 0, 0, 1, 0], [0, 0, 0, 0, 0, 1, 0, 0], [0, 1, 0, 0, 0, 0, 0, 0], [0, 0, 0, 1, 0, 0, 1, 0], [0, 0, 1, 0, 0, 1, 0, 1], [1, 1, 0, 0, 0, 0, 1, 0]]"
"((110, 660), (440, 110), (550, 110), (660, 110), (660, 330), (770, 220), (770, 330), (770, 440))",539.0,-539.0,1078.0,,,,,,,"[[0, 0, 0, 0, 0, 0, 0, 1], [0, 0, 0, 0, 1, 0, 0, 1], [0, 0, 0, 0, 0, 0, 1, 0], [0, 0, 0, 0, 0, 1, 0, 0], [0, 1, 0, 0, 0, 0, 0, 0], [0, 0, 0, 1, 0, 0, 1, 0], [0, 0, 1, 0, 0, 1, 0, 1], [1, 1, 0, 0, 0, 0, 1, 0]]"
"((110, 660), (440, 220), (550, 110), (550, 220), (550, 330), (660, 220), (770, 220), (770, 330))",,,,393.0,-440.0,833.0,430.0,-506.0,936.0,"[[0, 0, 0, 0, 0, 0, 0, 1], [0, 0, 0, 0, 1, 0, 0, 1], [0, 0, 0, 0, 0, 0, 1, 0], [0, 0, 0, 0, 0, 1, 0, 0], [0, 1, 0, 0, 0, 0, 0, 0], [0, 0, 0, 1, 0, 0, 1, 0], [0, 0, 1, 0, 0, 1, 0, 1], [1, 1, 0, 0, 0, 0, 1, 0]]"
"((110, 660), (440, 220), (550, 110), (550, 220), (550, 330), (660, 220), (770, 220), (770, 440))",,,,,,,405.0,-506.0,912.0,"[[0, 0, 0, 0, 0, 0, 0, 1], [0, 0, 0, 0, 1, 0, 0, 1], [0, 0, 0, 0, 0, 0, 1, 0], [0, 0, 0, 0, 0, 1, 0, 0], [0, 1, 0, 0, 0, 0, 0, 0], [0, 0, 0, 1, 0, 0, 1, 0], [0, 0, 1, 0, 0, 1, 0, 1], [1, 1, 0, 0, 0, 0, 1, 0]]"
"((110, 660), (440, 220), (550, 110), (660, 110), (660, 330), (770, 220), (770, 330), (770, 440))",,,,,,,473.0,-464.0,937.0,"[[0, 0, 0, 0, 0, 0, 0, 1], [0, 0, 0, 0, 1, 0, 0, 1], [0, 0, 0, 0, 0, 0, 1, 0], [0, 0, 0, 0, 0, 1, 0, 0], [0, 1, 0, 0, 0, 0, 0, 0], [0, 0, 0, 1, 0, 0, 1, 0], [0, 0, 1, 0, 0, 1, 0, 1], [1, 1, 0, 0, 0, 0, 1, 0]]"
"((110, 660), (440, 220), (550, 220), (660, 110), (660, 330), (770, 220), (770, 330), (770, 440))",,,,,,,470.0,-463.0,934.0,"[[0, 0, 0, 0, 0, 0, 0, 1], [0, 0, 0, 0, 1, 0, 0, 1], [0, 0, 0, 0, 0, 0, 1, 0], [0, 0, 0, 0, 0, 1, 0, 0], [0, 1, 0, 0, 0, 0, 0, 0], [0, 0, 0, 1, 0, 0, 1, 0], [0, 0, 1, 0, 0, 1, 0, 1], [1, 1, 0, 0, 0, 0, 1, 0]]"
"((110, 660), (440, 220), (550, 220), (660, 220), (660, 330), (770, 220), (770, 330), (770, 440))",,,,411.0,-430.0,842.0,448.0,-504.0,953.0,"[[0, 0, 0, 0, 0, 0, 0, 1], [0, 0, 0, 0, 1, 0, 0, 1], [0, 0, 0, 0, 0, 0, 1, 0], [0, 0, 0, 0, 0, 1, 0, 0], [0, 1, 0, 0, 0, 0, 0, 0], [0, 0, 0, 1, 0, 0, 1, 0], [0, 0, 1, 0, 0, 1, 0, 1], [1, 1, 0, 0, 0, 0, 1, 0]]"
"((110, 660), (440, 330), (550, 110), (550, 220), (550, 330), (660, 220), (770, 220), (770, 440))",,,,376.0,-483.0,859.0,403.0,-515.0,919.0,"[[0, 0, 0, 0, 0, 0, 0, 1], [0, 0, 0, 0, 1, 0, 0, 1], [0, 0, 0, 0, 0, 0, 1, 0], [0, 0, 0, 0, 0, 1, 0, 0], [0, 1, 0, 0, 0, 0, 0, 0], [0, 0, 0, 1, 0, 0, 1, 0], [0, 0, 1, 0, 0, 1, 0, 1], [1, 1, 0, 0, 0, 0, 1, 0]]"
"((110, 660), (440, 330), (550, 110), (550, 220), (550, 330), (660, 330), (770, 220), (770, 440))",,,,385.0,-483.0,868.0,,,,"[[0, 0, 0, 0, 0, 0, 0, 1], [0, 0, 0, 0, 1, 0, 0, 1], [0, 0, 0, 0, 0, 0, 1, 0], [0, 0, 0, 0, 0, 1, 0, 0], [0, 1, 0, 0, 0, 0, 0, 0], [0, 0, 0, 1, 0, 0, 1, 0], [0, 0, 1, 0, 0, 1, 0, 1], [1, 1, 0, 0, 0, 0, 1, 0]]"
"((110, 660), (440, 330), (550, 110), (550, 330), (660, 220), (660, 330), (770, 220), (770, 440))",,,,375.0,-547.0,922.0,396.0,-560.0,956.0,"[[0, 0, 0, 0, 0, 0, 0, 1], [0, 0, 0, 0, 1, 0, 0, 1], [0, 0, 0, 0, 0, 0, 1, 0], [0, 0, 0, 0, 0, 1, 0, 0], [0, 1, 0, 0, 0, 0, 0, 0], [0, 0, 0, 1, 0, 0, 1, 0], [0, 0, 1, 0, 0, 1, 0, 1], [1, 1, 0, 0, 0, 0, 1, 0]]"
"((110, 660), (440, 330), (550, 220), (660, 220), (660, 330), (770, 220), (770, 330), (770, 440))",,,,,,,448.0,-473.0,922.0,"[[0, 0, 0, 0, 0, 0, 0, 1], [0, 0, 0, 0, 1, 0, 0, 1], [0, 0, 0, 0, 0, 0, 1, 0], [0, 0, 0, 0, 0, 1, 0, 0], [0, 1, 0, 0, 0, 0, 0, 0], [0, 0, 0, 1, 0, 0, 1, 0], [0, 0, 1, 0, 0, 1, 0, 1], [1, 1, 0, 0, 0, 0, 1, 0]]"
"((110, 660), (440, 330), (550, 330), (660, 110), (660, 220), (770, 220), (770, 330), (770, 440))",531.0,-582.0,1114.0,,,,488.0,-469.0,957.0,"[[0, 0, 0, 0, 0, 0, 0, 1], [0, 0, 0, 0, 1, 0, 0, 1], [0, 0, 0, 0, 0, 0, 1, 0], [0, 0, 0, 0, 0, 1, 0, 0], [0, 1, 0, 0, 0, 0, 0, 0], [0, 0, 0, 1, 0, 0, 1, 0], [0, 0, 1, 0, 0, 1, 0, 1], [1, 1, 0, 0, 0, 0, 1, 0]]"
"((220, 660), (220, 770), (330, 110), (330, 660), (330, 770), (440, 660), (550, 660), (550, 770))",,,,399.0,-444.0,844.0,,,,"[[0, 0, 0, 0, 0, 0, 0, 1], [0, 0, 0, 0, 1, 0, 0, 1], [0, 0, 0, 0, 0, 0, 1, 0], [0, 0, 0, 0, 0, 1, 0, 0], [0, 1, 0, 0, 0, 0, 0, 0], [0, 0, 0, 1, 0, 0, 1, 0], [0, 0, 1, 0, 0, 1, 0, 1], [1, 1, 0, 0, 0, 0, 1, 0]]"
"((220, 660), (330, 770), (440, 110), (440, 660), (440, 770), (550, 660), (660, 660), (660, 770))",,,,404.0,-415.0,819.0,,,,"[[0, 0, 0, 0, 0, 0, 0, 1], [0, 0, 0, 0, 1, 0, 0, 1], [0, 0, 0, 0, 0, 0, 1, 0], [0, 0, 0, 0, 0, 1, 0, 0], [0, 1, 0, 0, 0, 0, 0, 0], [0, 0, 0, 1, 0, 0, 1, 0], [0, 0, 1, 0, 0, 1, 0, 1], [1, 1, 0, 0, 0, 0, 1, 0]]"
"((220, 770), (330, 110), (330, 220), (440, 220), (550, 110), (550, 220), (550, 330), (660, 220))",,,,417.0,-449.0,867.0,441.0,-469.0,911.0,"[[0, 0, 0, 0, 0, 0, 0, 1], [0, 0, 0, 0, 1, 0, 0, 1], [0, 0, 0, 0, 0, 0, 1, 0], [0, 0, 0, 0, 0, 1, 0, 0], [0, 1, 0, 0, 0, 0, 0, 0], [0, 0, 0, 1, 0, 0, 1, 0], [0, 0, 1, 0, 0, 1, 0, 1], [1, 1, 0, 0, 0, 0, 1, 0]]"
"((220, 770), (330, 110), (330, 330), (440, 220), (550, 110), (550, 220), (550, 330), (660, 220))",,,,381.0,-437.0,819.0,,,,"[[0, 0, 0, 0, 0, 0, 0, 1], [0, 0, 0, 0, 1, 0, 0, 1], [0, 0, 0, 0, 0, 0, 1, 0], [0, 0, 0, 0, 0, 1, 0, 0], [0, 1, 0, 0, 0, 0, 0, 0], [0, 0, 0, 1, 0, 0, 1, 0], [0, 0, 1, 0, 0, 1, 0, 1], [1, 1, 0, 0, 0, 0, 1, 0]]"
"((220, 770), (330, 110), (440, 110), (550, 110), (550, 220), (660, 110), (660, 220), (660, 330))",540.0,-566.0,1106.0,,,,,,,"[[0, 0, 0, 0, 0, 0, 0, 1], [0, 0, 0, 0, 1, 0, 0, 1], [0, 0, 0, 0, 0, 0, 1, 0], [0, 0, 0, 0, 0, 1, 0, 0], [0, 1, 0, 0, 0, 0, 0, 0], [0, 0, 0, 1, 0, 0, 1, 0], [0, 0, 1, 0, 0, 1, 0, 1], [1, 1, 0, 0, 0, 0, 1, 0]]"
"((220, 770), (330, 110), (550, 220), (660, 110), (660, 220), (770, 220), (770, 330), (770, 440))",531.0,-576.0,1108.0,,,,,,,"[[0, 0, 0, 0, 0, 0, 0, 1], [0, 0, 0, 0, 1, 0, 0, 1], [0, 0, 0, 0, 0, 0, 1, 0], [0, 0, 0, 0, 0, 1, 0, 0], [0, 1, 0, 0, 0, 0, 0, 0], [0, 0, 0, 1, 0, 0, 1, 0], [0, 0, 1, 0, 0, 1, 0, 1], [1, 1, 0, 0, 0, 0, 1, 0]]"
"((220, 770), (330, 220), (440, 110), (440, 220), (440, 330), (550, 220), (660, 110), (660, 330))",,,,365.0,-463.0,828.0,,,,"[[0, 0, 0, 0, 0, 0, 0, 1], [0, 0, 0, 0, 1, 0, 0, 1], [0, 0, 0, 0, 0, 0, 1, 0], [0, 0, 0, 0, 0, 1, 0, 0], [0, 1, 0, 0, 0, 0, 0, 0], [0, 0, 0, 1, 0, 0, 1, 0], [0, 0, 1, 0, 0, 1, 0, 1], [1, 1, 0, 0, 0, 0, 1, 0]]"
"((220, 770), (330, 220), (440, 110), (550, 110), (550, 220), (660, 110), (660, 220), (660, 330))",540.0,-548.0,1088.0,451.0,-427.0,878.0,495.0,-488.0,983.0,"[[0, 0, 0, 0, 0, 0, 0, 1], [0, 0, 0, 0, 1, 0, 0, 1], [0, 0, 0, 0, 0, 0, 1, 0], [0, 0, 0, 0, 0, 1, 0, 0], [0, 1, 0, 0, 0, 0, 0, 0], [0, 0, 0, 1, 0, 0, 1, 0], [0, 0, 1, 0, 0, 1, 0, 1], [1, 1, 0, 0, 0, 0, 1, 0]]"
"((220, 770), (330, 220), (440, 110), (550, 110), (550, 220), (660, 110), (660, 220), (770, 330))",,,,,,,456.0,-474.0,931.0,"[[0, 0, 0, 0, 0, 0, 0, 1], [0, 0, 0, 0, 1, 0, 0, 1], [0, 0, 0, 0, 0, 0, 1, 0], [0, 0, 0, 0, 0, 1, 0, 0], [0, 1, 0, 0, 0, 0, 0, 0], [0, 0, 0, 1, 0, 0, 1, 0], [0, 0, 1, 0, 0, 1, 0, 1], [1, 1, 0, 0, 0, 0, 1, 0]]"
"((220, 770), (330, 220), (440, 110), (550, 110), (550, 220), (660, 110), (770, 220), (770, 330))",,,,,,,443.0,-488.0,932.0,"[[0, 0, 0, 0, 0, 0, 0, 1], [0, 0, 0, 0, 1, 0, 0, 1], [0, 0, 0, 0, 0, 0, 1, 0], [0, 0, 0, 0, 0, 1, 0, 0], [0, 1, 0, 0, 0, 0, 0, 0], [0, 0, 0, 1, 0, 0, 1, 0], [0, 0, 1, 0, 0, 1, 0, 1], [1, 1, 0, 0, 0, 0, 1, 0]]"
"((220, 770), (330, 330), (440, 110), (440, 220), (440, 330), (550, 220), (660, 110), (660, 440))",,,,346.0,-478.0,825.0,,,,"[[0, 0, 0, 0, 0, 0, 0, 1], [0, 0, 0, 0, 1, 0, 0, 1], [0, 0, 0, 0, 0, 0, 1, 0], [0, 0, 0, 0, 0, 1, 0, 0], [0, 1, 0, 0, 0, 0, 0, 0], [0, 0, 0, 1, 0, 0, 1, 0], [0, 0, 1, 0, 0, 1, 0, 1], [1, 1, 0, 0, 0, 0, 1, 0]]"
"((220, 770), (330, 330), (440, 110), (550, 110), (550, 220), (660, 110), (660, 220), (660, 330))",,,,,,,488.0,-440.0,929.0,"[[0, 0, 0, 0, 0, 0, 0, 1], [0, 0, 0, 0, 1, 0, 0, 1], [0, 0, 0, 0, 0, 0, 1, 0], [0, 0, 0, 0, 0, 1, 0, 0], [0, 1, 0, 0, 0, 0, 0, 0], [0, 0, 0, 1, 0, 0, 1, 0], [0, 0, 1, 0, 0, 1, 0, 1], [1, 1, 0, 0, 0, 0, 1, 0]]"
"((220, 770), (330, 330), (440, 110), (550, 110), (550, 220), (660, 110), (660, 220), (770, 220))",,,,,,,488.0,-429.0,918.0,"[[0, 0, 0, 0, 0, 0, 0, 1], [0, 0, 0, 0, 1, 0, 0, 1], [0, 0, 0, 0, 0, 0, 1, 0], [0, 0, 0, 0, 0, 1, 0, 0], [0, 1, 0, 0, 0, 0, 0, 0], [0, 0, 0, 1, 0, 0, 1, 0], [0, 0, 1, 0, 0, 1, 0, 1], [1, 1, 0, 0, 0, 0, 1, 0]]"
"((220, 770), (330, 330), (550, 330), (660, 110), (660, 220), (770, 220), (770, 330), (770, 440))",531.0,-548.0,1080.0,,,,,,,"[[0, 0, 0, 0, 0, 0, 0, 1], [0, 0, 0, 0, 1, 0, 0, 1], [0, 0, 0, 0, 0, 0, 1, 0], [0, 0, 0, 0, 0, 1, 0, 0], [0, 1, 0, 0, 0, 0, 0, 0], [0, 0, 0, 1, 0, 0, 1, 0], [0, 0, 1, 0, 0, 1, 0, 1], [1, 1, 0, 0, 0, 0, 1, 0]]"
"((220, 770), (330, 440), (550, 330), (660, 110), (660, 220), (770, 220), (770, 330), (770, 440))",531.0,-548.0,1080.0,,,,,,,"[[0, 0, 0, 0, 0, 0, 0, 1], [0, 0, 0, 0, 1, 0, 0, 1], [0, 0, 0, 0, 0, 0, 1, 0], [0, 0, 0, 0, 0, 1, 0, 0], [0, 1, 0, 0, 0, 0, 0, 0], [0, 0, 0, 1, 0, 0, 1, 0], [0, 0, 1, 0, 0, 1, 0, 1], [1, 1, 0, 0, 0, 0, 1, 0]]"
"((220, 770), (330, 550), (440, 110), (550, 110), (550, 220), (660, 110), (660, 220), (660, 330))",540.0,-544.0,1084.0,,,,,,,"[[0, 0, 0, 0, 0, 0, 0, 1], [0, 0, 0, 0, 1, 0, 0, 1], [0, 0, 0, 0, 0, 0, 1, 0], [0, 0, 0, 0, 0, 1, 0, 0], [0, 1, 0, 0, 0, 0, 0, 0], [0, 0, 0, 1, 0, 0, 1, 0], [0, 0, 1, 0, 0, 1, 0, 1], [1, 1, 0, 0, 0, 0, 1, 0]]"
"((220, 770), (330, 550), (440, 110), (550, 110), (550, 220), (660, 110), (660, 220), (770, 220))",540.0,-544.0,1084.0,,,,,,,"[[0, 0, 0, 0, 0, 0, 0, 1], [0, 0, 0, 0, 1, 0, 0, 1], [0, 0, 0, 0, 0, 0, 1, 0], [0, 0, 0, 0, 0, 1, 0, 0], [0, 1, 0, 0, 0, 0, 0, 0], [0, 0, 0, 1, 0, 0, 1, 0], [0, 0, 1, 0, 0, 1, 0, 1], [1, 1, 0, 0, 0, 0, 1, 0]]"
"((220, 770), (330, 660), (440, 110), (550, 110), (550, 220), (660, 110), (660, 220), (770, 330))",540.0,-544.0,1084.0,,,,,,,"[[0, 0, 0, 0, 0, 0, 0, 1], [0, 0, 0, 0, 1, 0, 0, 1], [0, 0, 0, 0, 0, 0, 1, 0], [0, 0, 0, 0, 0, 1, 0, 0], [0, 1, 0, 0, 0, 0, 0, 0], [0, 0, 0, 1, 0, 0, 1, 0], [0, 0, 1, 0, 0, 1, 0, 1], [1, 1, 0, 0, 0, 0, 1, 0]]"
"((220, 770), (440, 110), (550, 110), (660, 110), (660, 330), (770, 220), (770, 330), (770, 440))",539.0,-557.0,1097.0,,,,,,,"[[0, 0, 0, 0, 0, 0, 0, 1], [0, 0, 0, 0, 1, 0, 0, 1], [0, 0, 0, 0, 0, 0, 1, 0], [0, 0, 0, 0, 0, 1, 0, 0], [0, 1, 0, 0, 0, 0, 0, 0], [0, 0, 0, 1, 0, 0, 1, 0], [0, 0, 1, 0, 0, 1, 0, 1], [1, 1, 0, 0, 0, 0, 1, 0]]"
"((220, 770), (440, 220), (550, 110), (550, 220), (550, 330), (660, 220), (770, 220), (770, 330))",,,,394.0,-482.0,877.0,440.0,-526.0,966.0,"[[0, 0, 0, 0, 0, 0, 0, 1], [0, 0, 0, 0, 1, 0, 0, 1], [0, 0, 0, 0, 0, 0, 1, 0], [0, 0, 0, 0, 0, 1, 0, 0], [0, 1, 0, 0, 0, 0, 0, 0], [0, 0, 0, 1, 0, 0, 1, 0], [0, 0, 1, 0, 0, 1, 0, 1], [1, 1, 0, 0, 0, 0, 1, 0]]"
"((220, 770), (440, 330), (550, 110), (550, 220), (550, 330), (660, 220), (770, 220), (770, 330))",,,,,,,452.0,-471.0,924.0,"[[0, 0, 0, 0, 0, 0, 0, 1], [0, 0, 0, 0, 1, 0, 0, 1], [0, 0, 0, 0, 0, 0, 1, 0], [0, 0, 0, 0, 0, 1, 0, 0], [0, 1, 0, 0, 0, 0, 0, 0], [0, 0, 0, 1, 0, 0, 1, 0], [0, 0, 1, 0, 0, 1, 0, 1], [1, 1, 0, 0, 0, 0, 1, 0]]"
"((220, 770), (440, 330), (550, 110), (550, 220), (550, 330), (660, 220), (770, 220), (770, 440))",,,,394.0,-492.0,887.0,417.0,-520.0,937.0,"[[0, 0, 0, 0, 0, 0, 0, 1], [0, 0, 0, 0, 1, 0, 0, 1], [0, 0, 0, 0, 0, 0, 1, 0], [0, 0, 0, 0, 0, 1, 0, 0], [0, 1, 0, 0, 0, 0, 0, 0], [0, 0, 0, 1, 0, 0, 1, 0], [0, 0, 1, 0, 0, 1, 0, 1], [1, 1, 0, 0, 0, 0, 1, 0]]"
"((220, 770), (440, 330), (550, 110), (550, 220), (550, 330), (660, 220), (770, 220), (770, 550))",,,,360.0,-456.0,816.0,,,,"[[0, 0, 0, 0, 0, 0, 0, 1], [0, 0, 0, 0, 1, 0, 0, 1], [0, 0, 0, 0, 0, 0, 1, 0], [0, 0, 0, 0, 0, 1, 0, 0], [0, 1, 0, 0, 0, 0, 0, 0], [0, 0, 0, 1, 0, 0, 1, 0], [0, 0, 1, 0, 0, 1, 0, 1], [1, 1, 0, 0, 0, 0, 1, 0]]"
"((220, 770), (440, 330), (550, 110), (550, 220), (550, 330), (660, 330), (770, 220), (770, 440))",,,,394.0,-466.0,861.0,,,,"[[0, 0, 0, 0, 0, 0, 0, 1], [0, 0, 0, 0, 1, 0, 0, 1], [0, 0, 0, 0, 0, 0, 1, 0], [0, 0, 0, 0, 0, 1, 0, 0], [0, 1, 0, 0, 0, 0, 0, 0], [0, 0, 0, 1, 0, 0, 1, 0], [0, 0, 1, 0, 0, 1, 0, 1], [1, 1, 0, 0, 0, 0, 1, 0]]"
"((220, 770), (440, 330), (550, 330), (660, 110), (660, 220), (770, 220), (770, 330), (770, 440))",531.0,-548.0,1080.0,,,,491.0,-452.0,944.0,"[[0, 0, 0, 0, 0, 0, 0, 1], [0, 0, 0, 0, 1, 0, 0, 1], [0, 0, 0, 0, 0, 0, 1, 0], [0, 0, 0, 0, 0, 1, 0, 0], [0, 1, 0, 0, 0, 0, 0, 0], [0, 0, 0, 1, 0, 0, 1, 0], [0, 0, 1, 0, 0, 1, 0, 1], [1, 1, 0, 0, 0, 0, 1, 0]]"
"((330, 660), (330, 770), (440, 110), (440, 660), (440, 770), (550, 660), (660, 660), (660, 770))",,,,399.0,-444.0,844.0,,,,"[[0, 0, 0, 0, 0, 0, 0, 1], [0, 0, 0, 0, 1, 0, 0, 1], [0, 0, 0, 0, 0, 0, 1, 0], [0, 0, 0, 0, 0, 1, 0, 0], [0, 1, 0, 0, 0, 0, 0, 0], [0, 0, 0, 1, 0, 0, 1, 0], [0, 0, 1, 0, 0, 1, 0, 1], [1, 1, 0, 0, 0, 0, 1, 0]]"
"((330, 770), (440, 110), (440, 220), (550, 220), (660, 110), (660, 220), (660, 330), (770, 220))",,,,417.0,-449.0,867.0,441.0,-469.0,911.0,"[[0, 0, 0, 0, 0, 0, 0, 1], [0, 0, 0, 0, 1, 0, 0, 1], [0, 0, 0, 0, 0, 0, 1, 0], [0, 0, 0, 0, 0, 1, 0, 0], [0, 1, 0, 0, 0, 0, 0, 0], [0, 0, 0, 1, 0, 0, 1, 0], [0, 0, 1, 0, 0, 1, 0, 1], [1, 1, 0, 0, 0, 0, 1, 0]]"
"((330, 770), (440, 110), (440, 330), (550, 220), (660, 110), (660, 220), (660, 330), (770, 220))",,,,381.0,-437.0,819.0,,,,"[[0, 0, 0, 0, 0, 0, 0, 1], [0, 0, 0, 0, 1, 0, 0, 1], [0, 0, 0, 0, 0, 0, 1, 0], [0, 0, 0, 0, 0, 1, 0, 0], [0, 1, 0, 0, 0, 0, 0, 0], [0, 0, 0, 1, 0, 0, 1, 0], [0, 0, 1, 0, 0, 1, 0, 1], [1, 1, 0, 0, 0, 0, 1, 0]]"
