graph_pos,corr_comb,spd-wspd,spd-eucd,wspd-eucd
"((110, 330), (110, 440), (110, 550), (110, 660), (220, 330), (220, 550), (330, 330), (440, 110))",0.43939290947996895,0.9480148991455616,0.1514047193393574,0.21875910995498796
"((110, 330), (110, 440), (110, 550), (110, 660), (220, 330), (220, 550), (330, 330), (440, 220))",0.40693074768936893,0.95012661621872,0.08566560761240878,0.18500001923697812
"((110, 330), (110, 440), (110, 550), (110, 660), (220, 330), (220, 550), (330, 330), (550, 110))",0.4428649516157263,0.9277895230183788,0.18345508579597555,0.2173502460328245
"((110, 330), (110, 440), (110, 550), (110, 660), (220, 330), (220, 550), (330, 330), (660, 110))",0.44229822868870056,0.9145193829473556,0.213638602441703,0.19873670067704305
"((110, 330), (110, 440), (110, 550), (110, 660), (220, 330), (220, 550), (330, 440), (440, 110))",0.3623679403778493,0.9114983503280706,0.08887443114377354,0.08673103966170372
"((110, 330), (110, 440), (110, 550), (110, 660), (220, 330), (220, 550), (330, 440), (440, 220))",0.3561656152760768,0.9327014676551938,0.0419443063794419,0.09385107179359466
"((110, 330), (110, 440), (110, 550), (110, 660), (220, 330), (220, 550), (330, 440), (550, 110))",0.3685567391661492,0.9107739345576943,0.11312588105459459,0.08177040188615876
"((110, 330), (110, 440), (110, 550), (110, 660), (220, 330), (220, 550), (330, 440), (550, 220))",0.3494293584732749,0.8939477609739277,0.08031509588113082,0.07402521856476624
"((110, 330), (110, 440), (110, 550), (110, 660), (220, 330), (220, 550), (330, 440), (660, 110))",0.3443020339199169,0.8676218769427132,0.11309440035799097,0.05218982445904658
"((110, 330), (110, 440), (110, 550), (110, 660), (220, 330), (220, 550), (330, 440), (660, 220))",0.35469940211856144,0.856416273558292,0.11737287704240425,0.09030905575498795
"((110, 330), (110, 440), (110, 550), (110, 660), (220, 330), (220, 550), (330, 440), (770, 220))",0.34440925013744333,0.8476397762094302,0.11737287704240425,0.06821509716049548
"((110, 330), (110, 440), (110, 550), (110, 660), (220, 330), (220, 550), (440, 220), (550, 110))",0.49736247088031743,0.9457264426133416,0.21467685371620585,0.33168411631140493
"((110, 330), (110, 440), (110, 550), (110, 660), (220, 330), (220, 550), (440, 330), (550, 110))",0.48700100093586873,0.936590085877397,0.22292156173397346,0.30149135519623566
"((110, 330), (110, 440), (110, 550), (110, 660), (220, 330), (220, 550), (440, 330), (550, 220))",0.45797038230033693,0.9247732220284951,0.16129235759977534,0.2878455672727404
"((110, 330), (110, 440), (110, 550), (110, 660), (220, 330), (220, 550), (440, 330), (660, 110))",0.47808545822377524,0.9110904437450156,0.23331965278334735,0.28984627814296265
"((110, 330), (110, 440), (110, 550), (110, 660), (220, 330), (220, 550), (440, 330), (660, 220))",0.4827605954004694,0.9043329046719519,0.2271264920609011,0.3168223894685551
"((110, 330), (110, 440), (110, 550), (110, 660), (220, 330), (220, 550), (440, 440), (550, 110))",0.47717661293304925,0.9289216639860643,0.23829819962693505,0.2643099751861484
"((110, 330), (110, 440), (110, 550), (110, 660), (220, 330), (220, 550), (440, 440), (550, 220))",0.46631688256211734,0.9368466507598637,0.19763812916612392,0.26446586776036435
"((110, 330), (110, 440), (110, 550), (110, 660), (220, 330), (220, 550), (440, 440), (660, 110))",0.4701661023530852,0.9187637488954405,0.25130090326046195,0.24043365490335308
"((110, 330), (110, 440), (110, 550), (110, 660), (220, 330), (220, 550), (440, 440), (660, 220))",0.4644915867728953,0.8952782573160375,0.2189685925666075,0.27922791043604084
"((110, 330), (110, 440), (110, 550), (110, 660), (220, 330), (220, 550), (440, 440), (770, 220))",0.4640120953967572,0.8822622017419106,0.255569888027061,0.25420419642130004
"((110, 330), (110, 440), (110, 550), (110, 660), (220, 330), (220, 550), (550, 220), (660, 110))",0.5036400463276794,0.9202427959560958,0.2266371276883947,0.364040215338548
"((110, 330), (110, 440), (110, 550), (110, 660), (220, 330), (220, 550), (550, 330), (660, 110))",0.5285124007266324,0.9320627621994398,0.26843220815766766,0.38504223182278985
"((110, 330), (110, 440), (110, 550), (110, 660), (220, 330), (220, 550), (550, 330), (660, 220))",0.49698877849595763,0.9004221818893491,0.22677930907339366,0.36376484452513
"((110, 330), (110, 440), (110, 550), (110, 660), (220, 330), (220, 550), (550, 330), (770, 220))",0.5167903897412368,0.8998055809939948,0.2705263873652238,0.3800392008644917
"((110, 330), (110, 440), (110, 550), (110, 660), (220, 330), (220, 550), (550, 440), (660, 110))",0.5239906186571582,0.9323180868891213,0.291308342955565,0.34834542612678815
"((110, 330), (110, 440), (110, 550), (110, 660), (220, 330), (220, 550), (550, 440), (660, 220))",0.5163905776610737,0.9320627621994398,0.2636772174583034,0.35343175332547766
"((110, 330), (110, 440), (110, 550), (110, 660), (220, 330), (220, 550), (550, 440), (770, 220))",0.5024444159155195,0.8952782573160375,0.2718426755985274,0.34021231483199355
"((110, 330), (110, 440), (110, 550), (110, 660), (220, 330), (220, 550), (660, 330), (770, 220))",0.5030461135714485,0.8958917558169499,0.23328739735321002,0.3799591875441857
"((110, 330), (110, 440), (110, 550), (110, 660), (220, 330), (220, 550), (660, 440), (770, 220))",0.5314917687858004,0.9320627621994398,0.2728083580260878,0.38960418613187364
"((110, 330), (110, 440), (110, 550), (110, 660), (220, 330), (220, 660), (330, 330), (440, 110))",0.39721029705503574,0.949629104897292,0.09194888072626543,0.1500529055415499
"((110, 330), (110, 440), (110, 550), (110, 660), (220, 330), (220, 660), (330, 330), (440, 220))",0.36125340320277427,0.9543948357589912,0.03211091938421126,0.09725445446512034
"((110, 330), (110, 440), (110, 550), (110, 660), (220, 330), (220, 660), (330, 330), (550, 110))",0.40867907545784393,0.9276624546725089,0.1301880182062275,0.16818675349479528
"((110, 330), (110, 440), (110, 550), (110, 660), (220, 330), (220, 660), (330, 330), (660, 110))",0.42872904880742085,0.9227554781575713,0.17932900976109456,0.18410265850359656
"((110, 330), (110, 440), (110, 550), (110, 660), (220, 330), (220, 660), (330, 440), (440, 110))",0.3366335398293687,0.9279166435948495,0.04018415212333521,0.041799823769921474
"((110, 330), (110, 440), (110, 550), (110, 660), (220, 330), (220, 660), (330, 440), (440, 220))",0.3311546717617712,0.9465288092074471,0.028066176728544678,0.018869029349321803
"((110, 330), (110, 440), (110, 550), (110, 660), (220, 330), (220, 660), (330, 440), (550, 110))",0.3437377897257563,0.9102413380192514,0.07919533711451039,0.04177669404350703
"((110, 330), (110, 440), (110, 550), (110, 660), (220, 330), (220, 660), (330, 440), (550, 220))",0.3256250014182946,0.9279166435948495,0.020949967941600034,0.028008392718434198
"((110, 330), (110, 440), (110, 550), (110, 660), (220, 330), (220, 660), (330, 440), (660, 110))",0.3308727046444461,0.8972217168908666,0.07705877226429876,0.018337624778173047
"((110, 330), (110, 440), (110, 550), (110, 660), (220, 330), (220, 660), (330, 440), (660, 220))",0.3366915711899498,0.9015907595636351,0.07704808079393662,0.03143587321227763
"((110, 330), (110, 440), (110, 550), (110, 660), (220, 330), (220, 660), (330, 440), (770, 220))",0.3244357478514209,0.8759940737467609,0.07704808079393662,0.020265089013565052
"((110, 330), (110, 440), (110, 550), (110, 660), (220, 330), (220, 660), (330, 550), (440, 110))",0.34528986586762905,0.8981078346147607,0.0274904677393894,0.11027129524873697
"((110, 330), (110, 440), (110, 550), (110, 660), (220, 330), (220, 660), (330, 550), (440, 220))",0.3549164391018848,0.9068449151161945,0.05872962933607164,0.09917477285338826
"((110, 330), (110, 440), (110, 550), (110, 660), (220, 330), (220, 660), (330, 550), (550, 110))",0.3264550867878424,0.8723901705663789,0.002421440163573159,0.10455364963357515
"((110, 330), (110, 440), (110, 550), (110, 660), (220, 330), (220, 660), (330, 550), (550, 220))",0.32617238785473834,0.8926094378098888,0.00455990378704513,0.08134782196728106
"((110, 330), (110, 440), (110, 550), (110, 660), (220, 330), (220, 660), (330, 550), (660, 110))",0.3213617705093094,0.8717927657366346,0.002421440163573159,0.08987110562772062
"((110, 330), (110, 440), (110, 550), (110, 660), (220, 330), (220, 660), (330, 550), (660, 220))",0.3180864109833701,0.8760371316847194,0.002421104202397269,0.07580099706299354
"((110, 330), (110, 440), (110, 550), (110, 660), (220, 330), (220, 660), (330, 550), (770, 220))",0.31733223286090817,0.8638699493002093,0.0018514326253626179,0.08627531665715264
"((110, 330), (110, 440), (110, 550), (110, 660), (220, 330), (220, 660), (330, 660), (440, 110))",0.33947784007908033,0.8555470491084322,0.007976508774123349,0.15490996235468552
"((110, 330), (110, 440), (110, 550), (110, 660), (220, 330), (220, 660), (330, 660), (440, 220))",0.34973521839101657,0.8852535438691417,0.02039974904263181,0.1435523622612762
"((110, 330), (110, 440), (220, 330), (440, 110), (440, 440), (550, 110), (550, 220), (770, 440))",0.25486300112479093,0.7619008608627672,0.0024134154847891462,0.00027472702681649206
"((110, 330), (110, 440), (220, 330), (550, 110), (550, 440), (660, 220), (660, 330), (770, 440))",0.25238058805887364,0.7330612765764495,0.0053939499049959925,0.01868653769517542
"((110, 330), (110, 440), (220, 550), (440, 770), (550, 550), (550, 770), (660, 660), (770, 550))",0.24895997387417348,0.7330612765764495,0.011209104503280509,0.002609540542790467
"((110, 330), (110, 440), (330, 220), (550, 110), (660, 550), (770, 330), (770, 440), (770, 550))",0.2539943336817356,0.7464424914031944,0.004826165704470097,0.010714343937542233
"((110, 330), (110, 440), (330, 330), (440, 110), (440, 440), (550, 220), (660, 330), (770, 440))",0.2535992171212145,0.7413926172405947,0.007967668085594555,0.01143736603745443
"((110, 330), (110, 440), (330, 550), (440, 770), (550, 550), (550, 660), (660, 660), (770, 550))",0.2555155348078609,0.7240888307432807,0.022347211499459715,0.02011056218084214
"((110, 330), (110, 440), (330, 550), (440, 770), (550, 550), (550, 770), (660, 660), (770, 550))",0.24962690998106393,0.7240888307432807,0.0022705110583798645,0.02252138814153131
"((110, 330), (110, 550), (220, 330), (550, 110), (550, 440), (660, 220), (770, 330), (770, 440))",0.2524389333331606,0.7508151925542447,0.0058149816225908126,0.0006866258226462316
"((110, 330), (110, 550), (220, 330), (550, 110), (660, 440), (770, 220), (770, 330), (770, 440))",0.25476218687773083,0.7427067242439506,0.012640168502762008,0.008939667886479903
"((110, 330), (220, 220), (220, 440), (220, 770), (330, 440), (330, 770), (440, 770), (660, 660))",0.25396894957695443,0.7595625467788327,0.00028385298319761996,0.0020604489688328116
"((110, 330), (220, 330), (220, 440), (220, 660), (330, 330), (330, 660), (440, 660), (770, 660))",0.2551643703694295,0.7479840643771926,0.009245626119195178,0.008263420611900746
"((110, 330), (220, 330), (220, 440), (220, 770), (330, 330), (330, 770), (550, 770), (660, 770))",0.2540548878297912,0.7540327894249487,0.004551063084501462,0.0035808109799233406
"((110, 330), (220, 330), (220, 440), (220, 770), (330, 440), (330, 770), (440, 770), (660, 770))",0.2528358235377608,0.7350833514374135,0.02273644960573151,0.0006876695701373185
"((110, 330), (220, 330), (220, 440), (220, 770), (440, 440), (440, 770), (550, 770), (660, 770))",0.25397611650624347,0.7514971471576715,0.003834128905580746,0.00659707345547824
"((110, 330), (220, 330), (220, 440), (330, 770), (440, 330), (550, 660), (660, 660), (770, 660))",0.2527080096949026,0.7535813316157515,0.00028385298319761996,0.0042588444857586515
"((110, 330), (220, 330), (220, 440), (330, 770), (440, 550), (440, 770), (550, 770), (660, 770))",0.2556542797548472,0.720239008242081,0.010802798173408911,0.035921032849051744
"((110, 440), (110, 550), (220, 330), (440, 110), (550, 330), (660, 110), (660, 220), (770, 220))",0.2545681772573994,0.7308384042683813,0.00028408792845776085,0.03258203957535897
"((110, 440), (110, 550), (220, 440), (440, 220), (440, 550), (550, 220), (550, 330), (770, 550))",0.25486300112479093,0.7619008608627672,0.0024134154847891462,0.00027472702681649206
"((110, 440), (110, 550), (220, 440), (550, 220), (550, 550), (660, 330), (660, 440), (770, 550))",0.25238058805887364,0.7330612765764495,0.0053939499049959925,0.01868653769517542
"((110, 440), (110, 550), (330, 330), (550, 220), (660, 660), (770, 440), (770, 550), (770, 660))",0.2539943336817356,0.7464424914031944,0.004826165704470097,0.010714343937542233
"((110, 440), (110, 550), (330, 440), (440, 220), (440, 550), (550, 330), (660, 440), (770, 550))",0.2535992171212145,0.7413926172405947,0.007967668085594555,0.01143736603745443
"((110, 440), (110, 660), (220, 440), (550, 220), (550, 550), (660, 330), (770, 440), (770, 550))",0.2524389333331606,0.7508151925542447,0.0058149816225908126,0.0006866258226462316
"((110, 440), (110, 660), (220, 440), (550, 220), (660, 550), (770, 330), (770, 440), (770, 550))",0.25476218687773083,0.7427067242439506,0.012640168502762008,0.008939667886479903
"((110, 440), (220, 220), (440, 330), (660, 220), (660, 550), (770, 330), (770, 550), (770, 660))",0.24894781393054435,0.7281338445056984,0.018435210292554075,0.0002743869933805056
"((110, 550), (110, 660), (220, 440), (330, 110), (330, 550), (550, 110), (660, 110), (770, 220))",0.2548894573629492,0.753027309275124,0.00368602815994675,0.007955034653776864
"((110, 550), (110, 660), (220, 440), (330, 110), (330, 550), (550, 220), (660, 220), (770, 220))",0.2543750938496891,0.7449487567371486,0.006377910745427118,0.011798614066491537
"((110, 550), (110, 660), (220, 440), (330, 110), (440, 440), (550, 110), (550, 220), (770, 220))",0.2498950608971212,0.7455148272209915,0.0014204396422888045,0.0027499158280834047
"((110, 550), (110, 660), (220, 440), (440, 110), (440, 440), (550, 110), (660, 220), (770, 220))",0.25032110077218933,0.7161660143068556,0.002410758269026302,0.032386529740686266
"((110, 550), (110, 660), (220, 440), (440, 110), (440, 440), (550, 220), (660, 220), (770, 220))",0.25447272213729094,0.7161660143068556,0.013337415484916052,0.033914736620101235
"((110, 550), (110, 660), (220, 440), (440, 220), (550, 440), (660, 220), (660, 330), (770, 330))",0.2545681772573994,0.7308384042683813,0.00028408792845776085,0.03258203957535897
"((110, 550), (110, 660), (220, 440), (440, 220), (660, 550), (770, 220), (770, 330), (770, 440))",0.25541468944395823,0.7588174835912976,0.0005669253995935217,0.006859659340983451
"((110, 550), (110, 660), (220, 550), (440, 330), (440, 660), (550, 330), (550, 440), (770, 660))",0.25486300112479093,0.7619008608627672,0.0024134154847891462,0.00027472702681649206
"((110, 550), (110, 660), (220, 550), (550, 330), (550, 660), (660, 440), (660, 550), (770, 660))",0.25238058805887364,0.7330612765764495,0.0053939499049959925,0.01868653769517542
"((110, 550), (110, 660), (220, 550), (550, 330), (550, 770), (660, 440), (770, 550), (770, 660))",0.25569710522829975,0.7548931048928972,0.003687549321642954,0.008510661470359063
"((110, 550), (110, 660), (330, 440), (440, 110), (550, 440), (660, 220), (770, 220), (770, 330))",0.24752046604187738,0.7378728756891133,0.0005676277645949661,0.00412089467192386
"((110, 550), (110, 660), (330, 550), (440, 330), (440, 660), (550, 440), (660, 550), (770, 660))",0.2535992171212145,0.7413926172405947,0.007967668085594555,0.01143736603745443
"((220, 220), (220, 330), (220, 440), (440, 770), (550, 550), (550, 770), (660, 660), (770, 660))",0.25301872366730116,0.7382367172368969,0.010650358071057625,0.010169095693949023
"((220, 220), (220, 330), (330, 440), (330, 770), (440, 660), (440, 770), (550, 660), (660, 660))",0.254997309248674,0.7441788295642158,0.005402892629961731,0.015410205551844322
"((220, 220), (220, 330), (330, 440), (440, 770), (550, 550), (550, 660), (660, 660), (770, 660))",0.2555568196975223,0.7242871840768856,0.0125136923220578,0.029869582693623525
"((220, 220), (220, 330), (440, 440), (440, 770), (550, 660), (550, 770), (660, 660), (770, 550))",0.2500274352722323,0.729298618408648,0.01748106031226999,0.0033026270957789805
"((220, 220), (330, 110), (330, 330), (330, 660), (440, 330), (440, 660), (550, 660), (770, 550))",0.25396894957695443,0.7595625467788327,0.00028385298319761996,0.0020604489688328116
"((220, 220), (330, 220), (330, 330), (330, 660), (440, 220), (440, 660), (660, 660), (770, 660))",0.2540548878297912,0.7540327894249487,0.004551063084501462,0.0035808109799233406
"((220, 220), (330, 220), (330, 330), (330, 660), (440, 330), (440, 660), (550, 660), (770, 660))",0.2528358235377608,0.7350833514374135,0.02273644960573151,0.0006876695701373185
"((220, 220), (330, 220), (330, 330), (330, 660), (550, 330), (550, 660), (660, 660), (770, 660))",0.25397611650624347,0.7514971471576715,0.003834128905580746,0.00659707345547824
"((220, 220), (330, 220), (330, 330), (440, 660), (550, 440), (550, 660), (660, 660), (770, 660))",0.2556542797548472,0.720239008242081,0.010802798173408911,0.035921032849051744
"((220, 330), (330, 220), (330, 440), (330, 770), (440, 440), (440, 770), (550, 770), (770, 660))",0.25396894957695443,0.7595625467788327,0.00028385298319761996,0.0020604489688328116
"((220, 550), (220, 770), (330, 440), (440, 110), (550, 440), (660, 220), (770, 220), (770, 330))",0.25295717325262845,0.7453106604837051,0.007101218259978655,0.006459641014201626
"((220, 660), (220, 770), (330, 550), (440, 220), (440, 550), (550, 110), (660, 110), (770, 220))",0.2538092170263797,0.7549312232993641,0.00127733842438929,0.0052190893553857205
"((330, 110), (330, 220), (440, 330), (440, 660), (550, 550), (550, 660), (660, 550), (770, 550))",0.254997309248674,0.7441788295642158,0.005402892629961731,0.015410205551844322
"((330, 220), (330, 330), (440, 440), (440, 770), (550, 660), (550, 770), (660, 660), (770, 660))",0.254997309248674,0.7441788295642158,0.005402892629961731,0.015410205551844322
"((440, 660), (440, 770), (550, 440), (550, 550), (550, 660), (660, 440), (770, 330), (770, 440))",0.3188766053402123,0.8504709043864824,0.05647421478975671,0.049684696844397754
"((440, 660), (440, 770), (550, 440), (550, 550), (550, 660), (660, 440), (770, 330), (770, 550))",0.3444835989409341,0.9158699652763883,0.08958968519378173,0.027991146352632317
"((440, 660), (440, 770), (550, 440), (550, 550), (550, 660), (660, 550), (770, 220), (770, 550))",0.4962917053122416,0.9677154361633529,0.2992803395033902,0.22187934026998166
"((440, 660), (440, 770), (550, 440), (550, 550), (550, 660), (660, 550), (770, 330), (770, 550))",0.4101672083676251,0.9457503069708335,0.18995355676311249,0.09479776136892919
"((440, 660), (440, 770), (550, 440), (550, 550), (550, 660), (660, 550), (770, 440), (770, 550))",0.3182563689045351,0.8480897694356831,0.04974814848712315,0.0569311887907991
"((440, 660), (440, 770), (550, 440), (550, 550), (550, 770), (660, 440), (770, 220), (770, 440))",0.3441705598316589,0.9363337316681669,0.00441495472201855,0.09176299310479127
"((440, 660), (440, 770), (550, 440), (550, 550), (550, 770), (660, 440), (770, 220), (770, 550))",0.35445893699061487,0.9538723091193533,0.02717920301401372,0.08232529883847763
"((440, 660), (440, 770), (550, 440), (550, 550), (550, 770), (660, 440), (770, 220), (770, 660))",0.38008284340971327,0.9474957233677709,0.051191982951398624,0.14156082390997043
"((440, 660), (440, 770), (550, 440), (550, 550), (550, 770), (660, 440), (770, 330), (770, 440))",0.41086052135737744,0.8421975183359934,0.12912128158164074,0.2612627641544981
"((440, 660), (440, 770), (550, 440), (550, 550), (550, 770), (660, 440), (770, 330), (770, 550))",0.42871847415373404,0.9186379856002246,0.11440919659330075,0.2531082402676767
"((440, 660), (440, 770), (550, 440), (550, 550), (550, 770), (660, 440), (770, 330), (770, 660))",0.4146369462805955,0.9235439943895576,0.07080646933778019,0.24956037511444876
"((440, 660), (440, 770), (550, 440), (550, 550), (550, 770), (660, 550), (770, 220), (770, 550))",0.3978123967756126,0.9679805273712189,0.15206541356249823,0.07339124939312047
"((440, 660), (440, 770), (550, 440), (550, 550), (550, 770), (660, 550), (770, 220), (770, 660))",0.3746987445976491,0.9505175344069201,0.1622445778284921,0.011334121557535225
"((440, 660), (440, 770), (550, 440), (550, 550), (550, 770), (660, 550), (770, 330), (770, 550))",0.3656797814206105,0.9417374260736022,0.016181010052681372,0.1391209081355477
"((440, 660), (440, 770), (550, 440), (550, 550), (550, 770), (660, 550), (770, 330), (770, 660))",0.36910966272750906,0.9550492032241163,0.04956933389951018,0.10271045105890068
"((440, 660), (440, 770), (550, 440), (550, 550), (550, 770), (660, 550), (770, 440), (770, 550))",0.43962266315026044,0.84843861010421,0.16111672523170467,0.30931265411486686
"((440, 660), (440, 770), (550, 440), (550, 550), (550, 770), (660, 550), (770, 440), (770, 660))",0.4505063867873307,0.9304362546189942,0.14272212086688857,0.27836078487610943
"((440, 660), (440, 770), (550, 440), (550, 550), (550, 770), (660, 550), (770, 550), (770, 660))",0.4390040498440253,0.8356554078123186,0.16978090792090164,0.3115758337988556
"((440, 660), (440, 770), (550, 440), (660, 110), (660, 550), (770, 220), (770, 330), (770, 440))",0.49468330879442,0.7877543199645539,0.40857097977024365,0.28772462664846243
"((440, 660), (440, 770), (550, 440), (660, 110), (660, 660), (770, 220), (770, 330), (770, 440))",0.5799855744649488,0.8035370518148802,0.5176942706999496,0.4187254008800165
"((440, 660), (440, 770), (550, 440), (660, 110), (660, 660), (770, 220), (770, 330), (770, 550))",0.6164328112080498,0.8842429058510168,0.5439779733414971,0.42107755443163536
"((440, 660), (440, 770), (550, 440), (660, 110), (660, 660), (770, 220), (770, 440), (770, 550))",0.6187958778369943,0.8925323908647226,0.5498914569249718,0.4139637857212886
"((440, 660), (440, 770), (550, 440), (660, 110), (660, 660), (770, 330), (770, 440), (770, 550))",0.59161376363816,0.8643665256915415,0.5196513042913792,0.39082346093155934
"((440, 660), (440, 770), (550, 440), (660, 220), (660, 550), (770, 220), (770, 330), (770, 440))",0.47951871663840534,0.7533632079135918,0.36137237512332654,0.3238205668782977
"((440, 660), (440, 770), (550, 440), (660, 220), (660, 660), (770, 220), (770, 330), (770, 440))",0.547053906665037,0.7614991397096864,0.45291223512461815,0.4267503451608063
"((440, 660), (440, 770), (550, 440), (660, 220), (660, 660), (770, 220), (770, 330), (770, 550))",0.5838160778009883,0.85559123101447,0.48321559351043103,0.41264140887806383
"((440, 660), (440, 770), (550, 440), (660, 220), (660, 660), (770, 220), (770, 440), (770, 550))",0.602969815486067,0.8820970528145352,0.5082066683906263,0.4186057252530393
"((440, 660), (440, 770), (550, 440), (660, 220), (660, 660), (770, 330), (770, 440), (770, 550))",0.5877041433195015,0.8315851504134129,0.5198192970529469,0.4117079824921447
"((440, 660), (440, 770), (550, 440), (660, 220), (660, 770), (770, 220), (770, 330), (770, 440))",0.6439107645726273,0.7700285254192879,0.5805015319504604,0.5812022363481336
"((440, 660), (440, 770), (550, 440), (660, 220), (660, 770), (770, 220), (770, 550), (770, 660))",0.6890805227450608,0.9476852413961725,0.5801115244652114,0.5394448023737984
"((440, 660), (440, 770), (550, 440), (660, 330), (660, 550), (770, 220), (770, 330), (770, 440))",0.4199706110770578,0.7877543199645539,0.21074924728886496,0.2614082659777545
"((440, 660), (440, 770), (550, 440), (660, 330), (660, 660), (770, 220), (770, 330), (770, 440))",0.5116540487490937,0.8035370518148802,0.33345765201304006,0.397967442419361
"((440, 660), (440, 770), (550, 440), (660, 440), (660, 770), (770, 220), (770, 550), (770, 660))",0.5278577461360455,0.9659809340102123,0.3178466016675976,0.2997457027303266
"((440, 660), (440, 770), (550, 440), (660, 440), (660, 770), (770, 330), (770, 550), (770, 660))",0.5870190084587334,0.9308609820632815,0.4292738273361322,0.40092221597678657
"((440, 660), (440, 770), (550, 550), (660, 110), (660, 550), (770, 220), (770, 330), (770, 440))",0.414765673775734,0.7896683249607312,0.31312671014967364,0.14150198621679716
"((440, 660), (440, 770), (550, 550), (660, 110), (660, 660), (770, 220), (770, 330), (770, 440))",0.4918239451637257,0.8005970360794775,0.4148279253361773,0.2600468740755224
"((440, 660), (440, 770), (550, 550), (660, 110), (660, 660), (770, 220), (770, 330), (770, 550))",0.5228990036399338,0.8757973514334275,0.4456109816930511,0.24728867779332284
"((440, 660), (440, 770), (550, 550), (660, 110), (660, 660), (770, 220), (770, 440), (770, 550))",0.5577661470685454,0.9043329046719519,0.45621303741777786,0.31275249911590647
"((440, 660), (440, 770), (550, 550), (660, 110), (660, 660), (770, 330), (770, 440), (770, 550))",0.5270584108415065,0.8793850415384363,0.4204044524308226,0.2813857385552608
"((440, 660), (440, 770), (550, 550), (660, 110), (660, 770), (770, 220), (770, 330), (770, 440))",0.5873293158849261,0.8052040551267692,0.5420397674974078,0.41474412503060126
"((440, 660), (440, 770), (550, 550), (660, 220), (660, 550), (770, 220), (770, 330), (770, 440))",0.40763627154145515,0.7843300137841185,0.26827809587312273,0.1703007049671242
"((440, 660), (440, 770), (550, 550), (660, 220), (660, 660), (770, 220), (770, 330), (770, 440))",0.4756157890843305,0.7876198588559234,0.36275487629056197,0.27647263210650597
"((440, 660), (440, 770), (550, 550), (660, 220), (660, 660), (770, 220), (770, 330), (770, 550))",0.5096320328244802,0.8562058439937996,0.4024105506604183,0.2702797038192225
"((440, 660), (440, 770), (550, 550), (660, 220), (660, 660), (770, 220), (770, 440), (770, 550))",0.5376855400347417,0.8912779768105169,0.40817347039122487,0.31360517290248335
"((440, 660), (440, 770), (550, 550), (660, 220), (660, 660), (770, 330), (770, 440), (770, 550))",0.5147480484809004,0.8505209019738341,0.40973628178217314,0.28398696168669396
"((440, 660), (440, 770), (550, 550), (660, 220), (660, 770), (770, 220), (770, 330), (770, 440))",0.5774332727879804,0.7963760798210516,0.5002632907840834,0.43566044775880636
"((440, 660), (440, 770), (550, 550), (660, 220), (660, 770), (770, 220), (770, 330), (770, 550))",0.6006617681005203,0.8606157997685894,0.5223635194066288,0.41900598512634274
"((440, 660), (440, 770), (550, 550), (660, 220), (660, 770), (770, 220), (770, 330), (770, 660))",0.609471488411467,0.8788815842651587,0.5187413267936505,0.4307915541755918
"((440, 660), (440, 770), (550, 550), (660, 220), (660, 770), (770, 220), (770, 440), (770, 550))",0.633133908607542,0.8867494129397744,0.5365143323172431,0.47613798056560874
"((440, 660), (440, 770), (550, 550), (660, 220), (660, 770), (770, 220), (770, 440), (770, 660))",0.6531466885443978,0.9369094419345136,0.5621743337700907,0.460356289928589
"((440, 660), (440, 770), (550, 550), (660, 330), (660, 550), (770, 220), (770, 330), (770, 440))",0.34981466488358565,0.7896683249607312,0.12190267183928859,0.13787299785073714
"((440, 660), (440, 770), (550, 550), (660, 330), (660, 660), (770, 220), (770, 330), (770, 440))",0.43670769937343357,0.8005970360794775,0.24457217154140692,0.2649538904994162
"((440, 660), (440, 770), (550, 550), (660, 330), (660, 660), (770, 220), (770, 330), (770, 550))",0.4525001619454452,0.8757973514334275,0.26775867990501356,0.21394445449789465
"((440, 660), (440, 770), (550, 550), (660, 330), (660, 660), (770, 220), (770, 440), (770, 550))",0.47367774876585306,0.9043329046719519,0.2875261321038929,0.22917420952171438
"((440, 660), (440, 770), (550, 550), (660, 330), (660, 660), (770, 330), (770, 440), (770, 550))",0.4666298740229229,0.7957651850443357,0.3410893214589552,0.2630351155654778
"((440, 660), (440, 770), (550, 550), (660, 330), (660, 770), (770, 220), (770, 330), (770, 440))",0.5339152668684973,0.8052040551267692,0.3775060264668308,0.41903571901189196
"((440, 660), (440, 770), (550, 550), (660, 330), (660, 770), (770, 220), (770, 330), (770, 550))",0.5675184645505302,0.8760371316847194,0.4222104852780302,0.4043077766888411
"((440, 660), (440, 770), (550, 550), (660, 440), (660, 660), (770, 220), (770, 440), (770, 550))",0.33537817401975994,0.918260734549421,0.06521176083343964,0.02266202667641933
"((440, 660), (440, 770), (550, 550), (660, 440), (660, 660), (770, 330), (770, 440), (770, 550))",0.41223655153499933,0.8505209019738341,0.1718540565262904,0.21433469610487355
"((440, 660), (440, 770), (550, 550), (660, 440), (660, 770), (770, 220), (770, 440), (770, 550))",0.4699077133535279,0.9168767567430499,0.24711895948404958,0.24572742383348406
"((440, 660), (440, 770), (550, 550), (660, 440), (660, 770), (770, 220), (770, 440), (770, 660))",0.49655317506110624,0.9689100650971172,0.27067164447932285,0.25007781560687864
"((440, 660), (440, 770), (550, 550), (660, 440), (660, 770), (770, 220), (770, 550), (770, 660))",0.4801332352346328,0.9496451866098062,0.24102109296235857,0.24973342613173358
"((440, 660), (440, 770), (550, 550), (660, 440), (660, 770), (770, 330), (770, 440), (770, 550))",0.5368710375845226,0.8503793843528733,0.3395713735269654,0.42066235487372916
"((440, 660), (440, 770), (550, 550), (660, 440), (660, 770), (770, 330), (770, 440), (770, 660))",0.5393886646188858,0.9017322965745556,0.33947399023315333,0.37695970704894827
